{
  "aux_labeled_frac": 0.03,
  "cluster_artifact_ids": {
    "conf": "experiments/clustering/runs/MUSHROOM/k2/20260416T162206Z/artifacts/MUSHROOM_conf.npy",
    "ids": "experiments/clustering/runs/MUSHROOM/k2/20260416T162206Z/artifacts/MUSHROOM_ids.npy"
  },
  "dataset": "UCI-MUSHROOM",
  "export_prefix": "MUSHROOM",
  "k_clients": 2,
  "metrics": {
    "ami": 0.48729635355056605,
    "ari": 0.5433144729368137,
    "baseline": {
      "random_ami": 9.102042194030208e-05,
      "random_ari": 8.586951259870276e-05,
      "random_nmi": 0.00019573554661292349
    },
    "completeness": 0.5018832007305616,
    "confusion_cluster_by_class": [
      [
        3628,
        816
      ],
      [
        91,
        2370
      ]
    ],
    "homogeneity": 0.4736380410058042,
    "hungarian_accuracy": 0.8686459087617668,
    "hungarian_cluster_to_class": {
      "0": 0,
      "1": 1
    },
    "n_clusters": 2,
    "n_samples": 6905,
    "nmi": 0.48735171688242396,
    "num_classes": 2,
    "per_class": [
      {
        "class": 0,
        "dominant_cluster": 0,
        "entropy_clusters": 0.11495546465345133,
        "n": 3719,
        "top_cluster_mass": 0.9755310567356816
      },
      {
        "class": 1,
        "dominant_cluster": 1,
        "entropy_clusters": 0.5689598713415468,
        "n": 3186,
        "top_cluster_mass": 0.743879472693032
      }
    ],
    "per_cluster": [
      {
        "cluster": 0,
        "majority_class": 0,
        "purity": 0.8163816381638164,
        "size": 4444,
        "top2_mass": 1.0
      },
      {
        "cluster": 1,
        "majority_class": 1,
        "purity": 0.963023161316538,
        "size": 2461,
        "top2_mass": 1.0
      }
    ],
    "purity": 0.8686459087617668,
    "v_measure": 0.48735171688242396
  },
  "train_meta": {
    "bmm_final_restarts": 120,
    "bmm_init_restarts": 20,
    "daem": false,
    "keep_top": 24,
    "n_rounds": 2,
    "overspec_k": 8,
    "pipeline": "mushroom_mi_bmm_custom",
    "rounds": [
      {
        "Kfit": 8,
        "keep_top": 24,
        "n_pseudo": 378,
        "pseudo_tau": 0.85,
        "round": 0,
        "selected_idx": [
          3,
          2,
          4,
          7,
          6,
          1,
          11,
          12,
          14,
          9,
          16,
          15,
          0,
          18,
          19,
          56,
          58,
          10,
          13,
          5,
          38,
          8,
          57,
          41
        ],
        "selection": {
          "picked": "kmeans",
          "score": 0.8883495145631068
        }
      },
      {
        "Kfit": 8,
        "keep_top": 24,
        "n_pseudo": 1411,
        "pseudo_tau": 0.85,
        "round": 1,
        "selected_idx": [
          6,
          7,
          3,
          2,
          4,
          11,
          9,
          15,
          16,
          18,
          19,
          58,
          14,
          12,
          0,
          41,
          1,
          10,
          28,
          30,
          13,
          32,
          38,
          17
        ],
        "selection": {
          "picked": "kmeans",
          "score": 0.8786407766990292
        }
      }
    ],
    "selected_feature_count": 24,
    "selected_feature_indices": [
      6,
      7,
      3,
      2,
      4,
      11,
      9,
      15,
      16,
      18,
      19,
      58,
      14,
      12,
      0,
      41,
      1,
      10,
      28,
      30,
      13,
      32,
      38,
      17
    ],
    "split": {
      "frac_effective": 0.029833454018826935,
      "frac_requested": 0.03,
      "n_labeled": 206,
      "n_unlabeled": 6699
    }
  }
}
