{
  "aux_labeled_frac": 0.03,
  "cluster_artifact_ids": {
    "conf": "experiments/clustering/runs/MUSHROOM/k2/20260416T161419Z/artifacts/MUSHROOM_conf.npy",
    "ids": "experiments/clustering/runs/MUSHROOM/k2/20260416T161419Z/artifacts/MUSHROOM_ids.npy"
  },
  "dataset": "UCI-MUSHROOM",
  "export_prefix": "MUSHROOM",
  "k_clients": 2,
  "metrics": {
    "ami": 0.2916397288420781,
    "ari": 0.2028971685776458,
    "baseline": {
      "random_ami": 9.102042194030208e-05,
      "random_ari": 8.586951259870276e-05,
      "random_nmi": 0.00019573554661292349
    },
    "completeness": 0.3543521198106354,
    "confusion_cluster_by_class": [
      [
        3719,
        1890
      ],
      [
        0,
        1296
      ]
    ],
    "homogeneity": 0.24791332270694874,
    "hungarian_accuracy": 0.7262853005068791,
    "hungarian_cluster_to_class": {
      "0": 0,
      "1": 1
    },
    "n_clusters": 2,
    "n_samples": 6905,
    "nmi": 0.2917272193579014,
    "num_classes": 2,
    "per_class": [
      {
        "class": 0,
        "dominant_cluster": 0,
        "entropy_clusters": -1.000088900581841e-12,
        "n": 3719,
        "top_cluster_mass": 1.0
      },
      {
        "class": 1,
        "dominant_cluster": 0,
        "entropy_clusters": 0.6756650018616825,
        "n": 3186,
        "top_cluster_mass": 0.5932203389830508
      }
    ],
    "per_cluster": [
      {
        "cluster": 0,
        "majority_class": 0,
        "purity": 0.6630415403815297,
        "size": 5609,
        "top2_mass": 1.0
      },
      {
        "cluster": 1,
        "majority_class": 1,
        "purity": 1.0,
        "size": 1296,
        "top2_mass": 1.0
      }
    ],
    "purity": 0.7262853005068791,
    "v_measure": 0.2917272193579014
  },
  "train_meta": {
    "bmm_final_restarts": 80,
    "bmm_init_restarts": 15,
    "daem": true,
    "keep_top": 24,
    "n_rounds": 2,
    "overspec_k": 6,
    "pipeline": "mushroom_mi_bmm_custom",
    "rounds": [
      {
        "Kfit": 6,
        "keep_top": 24,
        "n_pseudo": 3356,
        "pseudo_tau": 0.85,
        "round": 0,
        "selected_idx": [
          5,
          0,
          8,
          3,
          2,
          41,
          43,
          57,
          4,
          14,
          11,
          6,
          7,
          1,
          37,
          10,
          13,
          26,
          27,
          36,
          21,
          23,
          34,
          35
        ]
      },
      {
        "Kfit": 6,
        "keep_top": 24,
        "n_pseudo": 3356,
        "pseudo_tau": 0.85,
        "round": 1,
        "selected_idx": [
          5,
          0,
          8,
          3,
          2,
          41,
          43,
          57,
          4,
          14,
          11,
          6,
          7,
          1,
          37,
          10,
          13,
          26,
          27,
          36,
          21,
          23,
          34,
          35
        ]
      }
    ],
    "selected_feature_count": 24,
    "selected_feature_indices": [
      5,
      0,
      8,
      3,
      2,
      41,
      43,
      57,
      4,
      14,
      11,
      6,
      7,
      1,
      37,
      10,
      13,
      26,
      27,
      36,
      21,
      23,
      34,
      35
    ],
    "split": {
      "frac_effective": 0.029833454018826935,
      "frac_requested": 0.03,
      "n_labeled": 206,
      "n_unlabeled": 6699
    }
  }
}
