{
  "aux_labeled_frac": 0.03,
  "cluster_artifact_ids": {
    "conf": "experiments/clustering/runs/MUSHROOM/k2/20260416T134300Z/artifacts/MUSHROOM_conf.npy",
    "ids": "experiments/clustering/runs/MUSHROOM/k2/20260416T134300Z/artifacts/MUSHROOM_ids.npy"
  },
  "dataset": "UCI-MUSHROOM",
  "export_prefix": "MUSHROOM",
  "k_clients": 2,
  "metrics": {
    "ami": 0.014420105307223199,
    "ari": 0.02280623750356948,
    "baseline": {
      "random_ami": 9.102042194030208e-05,
      "random_ari": 8.586951259870276e-05,
      "random_nmi": 0.00019573554661292349
    },
    "completeness": 0.015991061436521764,
    "confusion_cluster_by_class": [
      [
        2951,
        2147
      ],
      [
        768,
        1039
      ]
    ],
    "homogeneity": 0.013318568714938072,
    "hungarian_accuracy": 0.5778421433743663,
    "hungarian_cluster_to_class": {
      "0": 0,
      "1": 1
    },
    "n_clusters": 2,
    "n_samples": 6905,
    "nmi": 0.014532974279547745,
    "num_classes": 2,
    "per_class": [
      {
        "class": 0,
        "dominant_cluster": 0,
        "entropy_clusters": 0.5092919518112049,
        "n": 3719,
        "top_cluster_mass": 0.7934928744286098
      },
      {
        "class": 1,
        "dominant_cluster": 0,
        "entropy_clusters": 0.6313925915986152,
        "n": 3186,
        "top_cluster_mass": 0.6738857501569366
      }
    ],
    "per_cluster": [
      {
        "cluster": 0,
        "majority_class": 0,
        "purity": 0.5788544527265594,
        "size": 5098,
        "top2_mass": 1.0
      },
      {
        "cluster": 1,
        "majority_class": 1,
        "purity": 0.5749861649142225,
        "size": 1807,
        "top2_mass": 1.0
      }
    ],
    "purity": 0.5778421433743663,
    "v_measure": 0.014532974279547745
  },
  "train_meta": {
    "binarized": false,
    "bmm_K_fit": 6,
    "bmm_restarts": 80,
    "features": 59,
    "labeled_acc": 0.616504854368932,
    "pipeline": "tabular_bmm",
    "split": {
      "frac_effective": 0.029833454018826935,
      "frac_requested": 0.03,
      "n_labeled": 206,
      "n_unlabeled": 6699
    }
  }
}
