{
  "aux_labeled_frac": 0.03,
  "cluster_artifact_ids": {
    "conf": "experiments/clustering/runs/MUSHROOM/k2/20260416T141317Z/artifacts/MUSHROOM_conf.npy",
    "ids": "experiments/clustering/runs/MUSHROOM/k2/20260416T141317Z/artifacts/MUSHROOM_ids.npy"
  },
  "dataset": "UCI-MUSHROOM",
  "export_prefix": "MUSHROOM",
  "k_clients": 2,
  "metrics": {
    "ami": 0.17340665271538602,
    "ari": 0.1889714673978662,
    "baseline": {
      "random_ami": 9.102042194030208e-05,
      "random_ari": 8.586951259870276e-05,
      "random_nmi": 0.00019573554661292349
    },
    "completeness": 0.19069186899048954,
    "confusion_cluster_by_class": [
      [
        288,
        1527
      ],
      [
        3431,
        1659
      ]
    ],
    "homogeneity": 0.1591537081521328,
    "hungarian_accuracy": 0.7180304127443882,
    "hungarian_cluster_to_class": {
      "0": 1,
      "1": 0
    },
    "n_clusters": 2,
    "n_samples": 6905,
    "nmi": 0.17350122480996547,
    "num_classes": 2,
    "per_class": [
      {
        "class": 0,
        "dominant_cluster": 1,
        "entropy_clusters": 0.2724724272582426,
        "n": 3719,
        "top_cluster_mass": 0.9225598279107287
      },
      {
        "class": 1,
        "dominant_cluster": 1,
        "entropy_clusters": 0.6922886601180883,
        "n": 3186,
        "top_cluster_mass": 0.5207156308851224
      }
    ],
    "per_cluster": [
      {
        "cluster": 0,
        "majority_class": 1,
        "purity": 0.8413223140495868,
        "size": 1815,
        "top2_mass": 1.0
      },
      {
        "cluster": 1,
        "majority_class": 0,
        "purity": 0.6740667976424362,
        "size": 5090,
        "top2_mass": 1.0
      }
    ],
    "purity": 0.7180304127443882,
    "v_measure": 0.17350122480996547
  },
  "train_meta": {
    "bmm_final_restarts": 30,
    "bmm_init_restarts": 10,
    "keep_top": 8,
    "n_pseudo": 2060,
    "pipeline": "mushroom_mi_bmm_custom",
    "pseudo_tau": 0.9,
    "selected_feature_count": 8,
    "selected_feature_indices": [
      55,
      37,
      18,
      35,
      36,
      53,
      57,
      21
    ],
    "split": {
      "frac_effective": 0.029833454018826935,
      "frac_requested": 0.03,
      "n_labeled": 206,
      "n_unlabeled": 6699
    }
  }
}
